User,Repo,Size (KB),Number of Contributors
544,jsfSampleCode,620,1
0x4E0x650x6F,jackson-core,1356,5
0x4E0x650x6F,Spring-data-Sample,96,1
0x4E0x650x6F,springIntegration-json,124,1
0x4E0x650x6F,spring-portal,104,1
52North,ArcGIS-Server-SOS-Extension,1339,1
52North,CSWLoDEnabler,397,2
52North,FlickrMetaCrawlr,258,1
5db,ironman,168,1
6a209,android-rss,64,3
9apps,elasticsearch-cloudwatch,175,3
a289459798,thrift-java,289,1
aaruff,MultiClient,4459,1
aaruff,MultiCommon,1465,1
aaruff,MultiServer,2506,1
aauren,mule-transport-amqp,1373,9
abhikc,jersey-passbook,122,1
abid-khan,depth-wise-json-serializer,164,1
abid-khan,environment-specific-build,160,1
abid-khan,learning,152,2
abid-khan,poc-spring-data-jpa-envers-integration,148,1
abid-khan,spring-akka-email,136,1
abid-khan,spring-hazelcast-integration,168,2
Acidity,Vanilla,10523,46
a-covar,elasticsearch,80,113
ada87,xdbox,812,1
adachic,msgpack-java,1344,5
Adamki11s,Bukkit,80,93
adamvduke,AppEngine_Common,545,1
adamvduke,JavaUtils,100,1
adaptivui,bandit,70,1
addisaden,tictactoe-java,156,1
adjohnson916,accessor-SpEL,171,1
adorsys,forge.adorsystools,160,1
adorsys,forge.server,128,1
adrian0cg,lettuce,186,1
aduros,pythagoras,1380,4
AeroNotix,ghprb-plugin,610,49
aerouk,Bukkit-JavaDoc,5220,123
afirel,trigram_regex_search,560,1
aflag,rps-sign,115,2
afmckinney,appengine-guestbook-java,78,4
AgentK20,Denizen,8991,11
AgentK20,YawTest,108,1
AgentTroll,Bukkit,4037,98
AgentTroll,TrollCommons,7381,1
agrison,johm,2819,4
agrison,jssg,1262,2
agrison,jtoml,359,4
agrison,legacy4j,144,1
ahagbuje,spring-mvc-chat,285,3
a-henning,DicomFusion,3728,1
ahmadassaf,Balloon,12587,2
ahmadassaf,CommaFeed-RSS-Reader,8539,69
ahmadassaf,DBpedia-Lookup,648,7
aindigo,es_tests,140,1
aisrael,ccdb,116,1
aisrael,jcombinatorics,426,1
aisrael,junit,4656,7
aisrael,junit-rules,1102,1
aisrael,swing-revival,224,1
a-iv,android-rss,198,2
ajaykoppisetty,acra,3429,8
AjayKumarR,fortressdemo1,384,2
AjayKumarR,gaeshiro,1527,1
AjayKumarR,PlexRBAC,292,1
ajf8,seam-booking-ogm,4052,1
akarpe,openshift-demo,132,1
akiwarheit,java-security-lib,156,1
akkumar,async-http-client,4740,22
akkumar,hbasene,10598,1
akkumar,jreversepro,771,0
akkumar,LittleProxy,1018,10
akkumar,riak-java-client,5358,18
akshayaaradhya,storm-pattern,1588,4
akshaykarle,dropwizard-snapci-sample,185,2
akshayv,Hout-ServerSide,388,5
alegrm,pignlproc,989,2
alexeyr,labs-paxexam-karaf-bundle-reference-test,88,1
AlfioEmanueleFresta,socket.io-client.java,694,4
almagest14,jdbc-template-one-to-many,108,1
almagest14,nomats,142,1
almagest14,spring-ex01,172,1
almagest14,spring-ex04,168,1
almagest14,spr-mvc-hib,184,1
almagest14,thymeleaf-custom-layout,120,1
almagest14,thymeleafexamples-petclinic,1215,8
amb-enthusiast,BayesianHack,476,1
amb-enthusiast,GeoDataObjects,156,1
amb-enthusiast,GeoNamesIO,120,1
amb-enthusiast,ReportDataObjects,174,1
amb-enthusiast,ReportParser,116,1
amb-enthusiast,TermFreqProcessor,116,1
ammachado,concurrent-batch-framework-java,152,1
ammachado,dynjs,7647,21
ammachado,Jasper-report-maven-plugin,196,2
ammachado,jPopulator,570,2
ammachado,liquibase-hibernate,64,2
amsz,JCIP,169,1
amsz,mongomongo,7490,1
anandswarupv,BDDUsingCucumber,8356,1
anandswarupv,LowestPriceFinder,463,1
anandswarupv,SpamDetector,248,1
andersonkmi,CRLServer,1036,0
andersonkmi,DataStructuresTraining,168,1
andersonkmi,DBMigrateTool,652,1
andersonkmi,EJBCAWebServiceClient,190,0
andersonkmi,JFileSysMonitor,136,0
andersonkmi,jldaplib,300,1
andreiribas,cdi-owb-jpa2-example,144,1
andreiribas,cdi-weld-jpa2-example,144,1
andreiribas,ejb31-async-method-in-same-object-example,140,1
andreiribas,ejb31-jndi-resource-manager-in-postconstruct-example,164,1
andreiribas,junit-examples,2128,1
andreiribas,many-to-many-unidirectional-jpa-postgres-example,176,1
andreiribas,simple-jndi-container,132,1
andreiribas,weblogic12c-arquillian-integration-example,132,1
andre-l-github,java-example-purchaseorder,148,1
andrewgross,elasticsearch-cloud-aws,162,10
andrewsf,starql,427,5
andrexterz,reqweb,2212,1
AndreyVMarkelov,crowd-ldap-plugin,132,2
AndreyVMarkelov,DocxQrMarker,108,0
andriikravets,site-status-checker,160,0
AndroidUnited,git-plugin,3196,83
andykram,presto-hadoop-cdh4,290,3
andykram,secor,371,2
aneeshpu,DbDepPopulator,813,1
aneeshpu,saxtodom,112,1
angeloh,aws-sdk-for-java-on-gae,5263,3
angeloh,gae-java-libpusher,1329,0
angrycamel,ivydav,132,1
anilkmirge,OPENDynamics,8956,1
anirudh708,unit-api,1953,3
Anjineyulu,traffic-rss-ha,64,1
anmijay,elfinder-servlet,77,1
anthony-o,FluentLenium,628,6
antonyraj,spring-petclinic,771,6
antonyraj,Spring-Security-Authorization-Annotation,70,1
antonyraj,Spring-Security-Multi-Auth-Manager-Test,80,1
AnujaK,restfiddle,9843,17
aosullivan,wordcount_hadoop_java,192,1
apetro,cas-addons,1906,4
apetro,JSONassert,1317,8
apetro,overriding-autowired,140,1
arashi01,jboss-dmr,202,4
arashi01,jsr354-ri,1983,8
ArloL,classloaderleak,112,1
ArloL,gitbucket-plugin,325,2
ArloL,gwt-refresh-demo,132,1
artbristol,jremotelog,39,1
artur,razberry-java-client-library,256,2
arunpjohny,zyb-bulk-mailer,5260,1
arunxarun,cpsamples,144,1
asaushkin,proxyweb,224,1
asmodehn,drmemory-api,130,4
asmodehn,drmemory-plugin,141,4
asmolich,java-sproc-wrapper,132,1
asmolich,mars-robot,156,1
Asquera,elasticsearch-http-basic,191,7
AsscherV,groepH,2044,3
aswathy-p-krishnan,DiskLruCache,179,7
atosh,my_stone,196,1
atosh,TDD_LRUMap,120,1
attm2x,m2x-java,180,8
avantgarde-labs,pignlproc,1090,3
avantgarde-labs,wikipediaminer,7616,1
avisi,jmeter-mllp-tcpclient,343,1
avisi,techday-cucumber,136,0
avisi,techday-nosql-mongodb,116,0
awhawks,usb4java,7632,2
b,kafka-websocket,398,2
b0noI,Artificial-Intelligence-FrameWork,4296,1
b0noI,Bencode,608,1
b0noI,CommonAlgorithms,180,1
b0noI,DateMe,259,1
b0noI,JavaMetaLib,248,1
b0noI,SkyLine__harvester,208,1
b3log,b3log-rhythm,417,3
b3log,b3log-symphony,40265,13
B3Partners,tercera-soap-client,156,1
babilen,jackson-dataformat-yaml,1451,5
barkhorn,GildedRose,122,3
barkhorn,poker-kata-java,172,1
barkhorn,RainLevels,168,1
barrbrain,snappy,1425,6
bartoszfilipowicz,android-schema-utils,164,1
bartoszfilipowicz,sqlitemaster,147,1
bbalajisg,mapreduce,112,1
bchetty,licenceCheck,140,1
bchetty,richCharts,112,1
bchetty,shooter,128,1
Bedol,ProjektMPR,1596,0
belano,jbehave-poc,267,1
belano,jbehave-spring,124,1
belph,CraftBukkit,6001,122
benjamincburns,delegated-saml-authentication,248,1
bennidi,blox,452,1
bennidi,daoism,416,1
bennidi,eventbus-performance,4207,1
bennidi,lab,32,1
bennidi,mbassador,2433,16
bennidi,mbassador-spring,38,2
bennidi,pips,336,1
bennidi,xpress,136,1
benqian,FizzBuzzEnterpriseEdition,199,10
bevenky,kelpie,979,1
bfg,jetty-nosql-memcached,195,0
bfg,pushy,3239,5
bfontaine,Doto,128,1
bgfaulk,Faulk-Family-Budget,176,1
bhabegger,anyurl,128,1
bhabegger,esstats,3724,1
bhabegger,json-n-xml,393,1
bilal1976,Amazon-DynamoDB-Demo,142,1
binkley,lifegycle,484,3
binkley,service-binder,329,1
binkley,system-rules,504,4
binwiederhier,sardine,10609,5
BioVeL,drf-workflow,2960,1
biubiu,DataStructure,3772,1
biubiu,spring-social-weibo,348,2
biubiu,Test,187,1
biubiu,unicorn,244,1
bkleinen,GildedRose,144,3
Blackmint,java-openstack-swift,263,2
bleehome,fastjson,7424,4
bleehome,javaqq,1597,1
b-long,effective-java-examples,227,0
bloomberg,luwak,7506,10
Bludge0n,android-apk-parser,1605,1
blued00r,Bukkit,3513,67
blued00r,worldedit,5791,38
blxbrgld,ALAPL,245,1
blxbrgld,escenic-syndication-converter,945,1
blxbrgld,list-spring-mvc,4715,1
bmchild,gitmodules,124,1
bmchild,pdf-stamp,136,1
bmchild,springmvc,188,1
bmchild,springmvc-commando,112,1
bneijt,enerdy,128,1
bneijt,javap-json-maven-plugin,136,1
bobfreitas,bukkit-ouch-plugin,128,1
bobfreitas,flume-logs,140,1
bobfreitas,Oozie-Job-Runner,144,1
bobfreitas,rest-err-handler,142,1
bols-blue,android-emulator-plugin,464,10
boneill42,astyanax-quickstart,172,1
boneill42,cassandra-indexing,1799,4
boneill42,cassandra-indexing-trigger,84,1
boneill42,cassandra-rest,152,3
boneill42,cassandra-triggers,4674,4
boneill42,hector-quickstart,104,1
boneill42,intravert-ug,2090,4
boneill42,naughty-or-nice,136,1
boneill42,spring-data-cassandra,213,2
boneill42,spring-data-jpa-cassandra,123,1
boneill42,spring-security-acl-cassandra,420,1
boneill42,storm-cassandra,583,8
boneill42,storm-cassandra-cql,504,8
borjaeg,chordRetrieval,99,1
borjaeg,it-books-java-api-wrapper,144,1
bosicc,jira-git-plugin,263,1
boynton,jell,312,1
boyone,fizzbuzz,216,1
boyone,java-generic,112,1
boyone,maven-liquibase,112,1
boyone,refactoringToPatterns,136,1
bozzwin,spring-petclinic,6285,27
bpross-52n,CSWLoDEnabler,201,2
bpross-52n,enviroCar-wps,105,5
bpross-52n,yadarts-desktop,5814,3
brandhill,acra,1917,4
brandt,elasticsearch-river-mysql,100,3
Brantone,build-pipeline-plugin,1428,33
brennan-daguilar,raw4j,724,5
BrentDouglas,browserstack,75,1
BrentDouglas,hibernate-filter-test,112,1
BrentDouglas,intellij-ceylon,1394,1
BrentDouglas,jackson-core,2579,11
BrentDouglas,seam-ui-jsf2,224,1
bretkikehara,robocode-bki-hunter,895,1
brianbruff,DbTest,120,1
brianjmiller,TinCanJava,331,7
brunoV,karma,272,1
bryanjswift,google-sites-liberation,2064,2
bsnizek,neo4j-spatial,1896,4
btoddb,cassandra-queue,1917,1
btoddb,cassandra-queue-spring,206,1
btoddb,chronicle,336,1
btoddb,fast-persistent-queue,1916,1
btoddb,flume-ng-bdbje-channel,108,1
btoddb,flume-ng-cassandra-sink,333,1
btoddb,flume-ng-hornetq-channel,104,1
btoddb,intravert-ug,2287,5
buddycloud,buddycloud-android-sdk,952,3
buddycloud,buddycloud-media-server,6482,7
buddycloud,buddycloud-server-java,8312,13
buschmais,jqassistant-demo,232,1
buschmais,jqassistant-server,580,3
buschmais,xo-mongodb,109,2
BusyAge,mongo-deep-mapreduce,134,0
butlermh,boilerpipe,2272,1
butlermh,JerichoHTML,464,1
b-vesco,GCViewer,3407,10
b-vesco,memcached-clients-loadtest,134,2
b-vesco,RoadRunner,158,1
bww,etcd-java,296,1
cabadsanchez,elasticsearch-river-rabbitmq,312,8
cabadsanchez,elasticsearch-river-twitter,222,8
caot,javassist,9758,4
carljmosca,jpastandalone,128,1
carljmosca,sitemindr,356,1
carlos22,stash-dynamic-webhook,142,3
carlosemoralesm,iBatisWorkShop,6688,1
caspian311,osgi-framework,116,1
catchme1412,bon-voyage,232,1
catchme1412,vxml-browser,4156,1
ccin2p3,jclouds-plugin,419,13
cdgore,piggybank,156,1
cdgore,pig-vector,56,2
chambs,comet-java,264,1
charlescapps,jive-selenium-pages-framework,519,3
charleso,bamboo-git-plugin,4867,7
charleso,npm-maven-plugin,138,1
charleso,nutz,245,1
charleso,pegdown,11464,7
CharlieSay,OLD-HubControl,230,2
CharlieSay,OLD-MTHubAPI,124,0
chathurangat,hibernate-core-example,172,1
chathurangat,spring-mvc-jpa-jasper-report-example,131,1
chenDoInG,Hybrid-Framework,102,1
chenDoInG,Keyword-Driven-Framework,80,1
chenDoInG,robolectric,6292,39
chenDoInG,selenium-tests,80,16
chethankumar,java-apns,1043,1
chethankumar,java-mpns,109,1
cHoco,HorseFever,4732,0
chrishokamp,pignlproc,1467,6
christianzilman,analyzer,12872,1
christophertfoo,robocode-ctf-orthogonobot,556,1
ciandt-dev,contentbowl,1059,1
Ciaran0,premierLeagueApi,250,1
CirnoTheGenius,Bukkit,72,98
CirnoTheGenius,CraftBukkit,72,122
cismet,cids-custom-wrrl-db-mv,6893,7
cismet,cids-custom-wrrl-db-mv-server,152,5
cismet,cids-custom-wuppertal,11518,8
cismet,cids-maven-plugin,184,4
cjnolet,entity-sandbox,320,0
cjnolet,flowbox,548,1
cjstehno,codeperks,136,1
cjstehno,ColaPop,204,0
cjstehno,sanctuary,120,1
cjstehno,sjdbcx,416,1
cjwebb,basic-java-agent,132,1
cjwebb,command-line-twitter,188,1
clairtonluz,bytecom-commons,148,2
clairtonluz,exampleJSFBootstrap,348,1
clairtonluz,hurraa,855,11
clairtonluz,mongodb,208,1
clairtonluz,taro,218,3
CloCkWeRX,build-pipeline-plugin,2067,20
cloudControl,doozer4j,2317,1
cmaurer,kite,196,2
cmaurer,mongodb-plugin,169,2
cnopens,activiti-advanced-scripting,48,1
cnopens,activiti-custom-command,113,1
cnopens,activiti-demo-1,664,2
cnopens,activiti-neo4j,82,1
cnopens,activiti-unit-test-template,128,1
cnuonline,aes-example,285,0
cnuonline,http-request-router,408,2
cnuonline,piwik-java-tracking,206,6
cnuonline,scribe-java,1888,39
CODE4US,scribe-java,959,36
codyaray,kairosdb-client,251,2
codyaray,rocoto,2563,2
compwron,BiteMeAndroid,7045,8
ConnorStroomberg,jena-es,332,3
coreydowning,deckard,133,4
coreyoconnor,git-plugin,1788,45
coreyoconnor,greenballs-plugin,237,6
Corosauce,Bukkit,80,98
cortizqgithub,herokuapp001,108,1
coryt,browsermob-proxy,2216,11
cosmocode,cosmocode-commons,896,2
cosmocode,cosmocode-hibernate,144,0
cosmocode,cosmocode-json,324,0
cosmocode,cosmocode-json-jackson,132,0
cosmocode,cosmocode-lucene,249,1
cosmocode,cosmocode-rendering,272,0
cosmocode,cosmocode-solr,628,0
craigwblake,async-http-client,5901,13
craigwblake,HdrHistogram,715,4
craigwblake,jcurses-maven,175,2
crc32a,jedis,816,37
cristoslc,glacieruploader,9274,4
crooy,apache_mina_test,4456,1
cscotta,JavaBeanstalkClient,128,2
cscotta,Octobot,9133,4
cscotta,recordinality,121,1
cscotta,riak-java-client,7750,28
csm,couchdb-lucene,4633,13
csm,gelfj,356,31
curasystems,graylog2-server,4141,11
cwensel,Flapi,4282,2
cwensel,jopt-simple,706,3
cwensel,linq4j,727,3
cwensel,optiq,3770,2
czetsuya,JAX-RS-REST-Security,168,1
czetsuya,The-Mall-Mall,272,1
d0ngw,cascading_ext,12849,4
d0ngw,Hive-JSON-Serde,322,4
d2fn,hector,12240,2
d2fn,jester,282,2
damko,funambol-ldap,264,1
damnhandy,Handy-URI-Templates,4676,10
damnhandy,Handy-URI-Templates-WebApp,148,1
dampier,mongo-java-driver,10901,47
dana-i2cat,netconf4j,865,10
dana-i2cat,netconf-server,250,4
dana-i2cat,opennaas-gim-apc-pdu-driver,145,2
dana-i2cat,opennaas-gim-apc-pdu-driver-OLD,109,1
danapsimer,geohash-java,588,4
danapsimer,httpbuilder,845,1
danapsimer,prefetch-experiment-client,104,1
Danesh,dropbox-android-sdk,4359,1
danielbchapman,groups,175,1
danielbchapman,Utilities,169,1
danielgwood,atan,3663,1
danieloleary,box-connector,2710,2
DanielRedOak,logstash-logback-encoder,373,14
Danno040,beanstalk-client,101,1
danschultz,git-demo,96,1
danveloper,grails-maven,335,7
darylyu,couchdb-lucene,3855,14
datasalt,datasalt-utils,722,4
datasalt,pangool-benchmark,8316,2
datasalt,pangool-flow,172,1
davespanton,Nutbar,939,1
davespanton,RobolectricSample,3527,6
DavideD,arquillian-extension-byteman,169,1
DavideD,cypher-dsl,652,12
DavideD,embedded-redis,3143,4
DavideD,jandex,289,7
DavideD,java-rest-binding,709,12
DavideD,MongoDB-OGM,1472,1
davideuler,DoubleArrayTrie,907,0
davidjohansson,Metrics-Plugin,153,3
davidkarlsen,Commons-Transaction-Spring-Integration,642,1
davidmc24,embedmongo-maven-plugin,125,3
davidmc24,grails-maven,345,8
davidmsibley,mybatis-memory-leak,144,0
davidmsibley,tomcat-utilities,134,1
davidp3,smbridge,140,1
davidp3,smsolver,204,1
dCache,xrootd4j-backport,204,1
ddierickx,mock-http-server,261,5
debarshri,bigmap,340,1
debarshri,finmath-lib,9167,3
debarshri,nifty-pigunit,294,1
debarshri,spark,1477,33
dehora,dropwizard-guice,95,1
dehora,intercom-java,139,2
demon,elasticsearch-statsd-plugin,189,4
demon,j2bugzilla,156,1
denisa,arquillian-phantom-driver,96,2
denisa,code_eval,184,1
denisa,redis-maven-plugin,456,2
denisazevedo,SpringMVCApp,152,1
denisazevedo,Training-Rest,140,1
DenniJensen,LeapMotionExpertise,644,0
devaraj,spark,984,8
developez,scribe-java,1006,37
devinceble,Resty,1318,7
dfcoffin,OpenESPI-Common-java,3144,6
dfcoffin,OpenESPI-DataCustodian-java,7204,6
dfcoffin,OpenESPI-Greenbutton-java,686,2
dfcoffin,simple-web-app,238,8
DFFlanders,oztrack,1677,1
dhavaln,spring-rest-boilerplate,266,2
diegofrsilva,build-number-maven-plugin-with-tag,192,1
digitalmediacenter,build-pipeline-plugin,1475,33
dinic,stream-lib,1426,8
dipankar-das,scribe-java,6601,53
Diskmaster,Multiverse-Core,11726,13
dlwhitehurst,accountant,464,0
dlwhitehurst,blackboard,1211,1
DM2E,dm2e-oai,608,1
DM2E,dm2e-ontologies,3052,5
DM2E,dm2e-rapidminer,116,1
DM2E,dm2e-silk,252,3
DM2E,dm2e-spinval,136,0
DM2E,dm2e-task,324,2
DM2E,dm2e-ws,7120,5
DM2E,grafeo,3148,3
dmlloyd,httpserver,124,1
dmlloyd,jandex,433,11
dmlloyd,jboss-classfilewriter,269,1
dmlloyd,jboss-dmr,397,4
dmlloyd,jboss-ejb-client,2430,18
dmlloyd,jboss-invocation,395,7
dofun12,encontre-telefone,116,0
dofun12,groovesquid,717,1
dofun12,pingToChart,408,1
dohzya,java-kit,543,9
Doodle3D,processing-http,157,2
dopuskh3,gerrit-events,732,24
dopuskh3,Jenkins-repo-plugin,84,1
dovchar,sonar-objective-c,240,1
dowens,fitnesse-ldap-authenticator,85,1
dozeo,Java-WebSocket,2268,14
d-plaindoux,suitcase,729,1
Dramak,Physics-Test,120,1
drayanaindra,elasticsearch,144,118
drbild,c2dm4j,282,3
drivo,ColorPatternRecognition,3940,1
DrSimonTucker,BloggingEngine,120,0
DrSimonTucker,ElectroView,188,0
DrSimonTucker,EverToDo,92,0
DrSimonTucker,FileSystemSpider,100,0
DrSimonTucker,maptwitview,6472,1
DrSimonTucker,Taskulator,96,0
DrSimonTucker,Twitter,668,0
drspeedo,Web-Karma-Public,7906,1
drwelden,akka-amqp-proxies,176,3
drwelden,nunit-plugin,333,2
dstreev,hdp-data-gen,193,2
dstreev,PigStandardParserUtils,112,1
dsu-igeek,MapDB,3049,4
dswarm,dswarm-gdm-java,165,4
dswarm,dswarm-graph-neo4j,1768,5
dswarm,dswarm-xsd2jsonschema,60,3
dswarm,siphash-java,114,3
du5l5ljason,worldedit,6868,46
duck1123,abdera-activitystreams,128,1
duck1123,java-openxrd,258,2
dukeboard,basic-maven-resolver,660,3
dukeboard,gressil,125,1
dukeboard,jfilter,252,2
dukeboard,kevoree-accesscontrol,136,2
Dukobpa3,adt-maven-plugin,624,3
Dukobpa3,haxemojos,588,4
duneding,SearchEngine,216,1
dunnololda,conn,129,1
dusdanig,java-iban,156,2
dvberkel,Base64Kata,188,1
dynastymasra,JavaLearning,128,1
DziNeIT,dzlib,660,1
DziNeIT,jlibargs,37,1
e3c,raven-java,1695,7
eark-project,denormalize-db,2124,2
eark-project,dm-etl,360,3
eark-project,dm-hdfs-storage,89,3
eark-project,dm-hdfs-storage-client,244,3
ebensing,archon2,236,1
ebensing,ArchonData,132,1
ebridges,remote-client,172,2
edhana,EnsaioJavaSecurityApi,128,1
edhana,laptimer-socket-server,96,1
edina,Geo-eFramework-Soils-Demonstrator,60,1
egv,msgpack-java,2258,18
eHarmonypublic,jenkins-ansicolor-plugin,98,1
eHarmonypublic,xcode-hudson-plugin,117,1
ehoogland,hellogitworld,205,3
eishub,massim,45484,3
eishub,TrafficSim,6988,1
elance,pb-java,176,2
elance,workplace-jenkins-plugin,215,1
eliasah,ElasticSearchJavaAPITest,128,1
eliasah,spring-data-elasticsearch,5739,14
ellongrey,unity3d-plugin,218,3
emmett9001,java-parsely,609,1
enanomapper,nanojava,397,2
enanomapper,nmdataparser,6911,3
enanomapper,ontoTest,29,1
enanomapper,slimmer,199,5
enebo,dynjs,8374,24
enebo,MapDB,8958,11
enpboss,acra,6169,18
enqae,trac-api,204,1
e-parliament,nsesa-diff,812,1
e-parliament,nsesa-editor,5090,3
e-parliament,nsesa-editor-an,10676,2
epu,elasticsearch,124,98
epu,htmlpublisher-plugin,96,7
ePublishing,rubymetrics-plugin,321,6
eResearchSA,simple-swift,216,1
ericdwhite,mustache.java-spring-webmvc,238,3
ericdwhite,trapos,158,1
ericjankowski,hadoop-patent-examples,172,1
ericjankowski,jmx-tomcat-example,120,1
ericjankowski,shapemaker,116,1
ericjankowski,si-hello-world,132,1
ericjankowski,testing-with-spring,116,1
ericjankowski,tinyApp,7384,1
ericliang,msgpack-java,1288,5
eroispaziali,radian6-java-api,14,2
eroispaziali,RockEat,12355,1
errord,elasticsearch,120,91
escherdragon,stashbot,607,2
escidoc,escidoc-browser,6340,3
escidoc,escidoc-deposit-service,312,1
escidoc,escidoc-metadata-updater,648,1
escidoc,escidoc-object-factories,148,1
eSignLive,esl-sdk-java-tests,200,1
eSignLive,QRGen,444,2
eSignLive,spring-social-box,324,3
eSignLive,spring-social-salesforce,95,7
eSignLive,spring-social-smartcloud,29,3
etiago,apache-ddlutils,4859,1
evilmachina,ddd-cqrs-sample,567,2
evoxmusic,elasticsearch-river-neo4j,460,3
ewpatton,cancerwiki-reader,136,1
ewpatton,nar-maven-plugin,5601,21
ewpatton,semanteco-common,484,5
ewpatton,semanteco-core,144,2
ewpatton,semanteco-geopoly-facet,124,1
exic,stream-lib,1965,19
eXist-db,eXist-XMLCalabash,94,3
exo-addons,cmis-search-connector,182,2
exodev,jcr-services,600,6
exosocial,exo.social.component.xmlprocessor,162,2
eXparity,exparity-bean,836,1
eXparity,exparity-stub,127,1
eXparity,fluent-date,260,1
eXparity,hamcrest-bean,467,1
eXparity,hamcrest-date,399,1
ExPixel,EasyArgs,112,1
ExPixel,scribe-java,976,39
exy,sandbox-java,148,1
ezsystems,crowd-ldap-plugin,132,2
F1000Research,cytoscape-d3,86,1
f24-ag,buddycloud-media-server,5861,6
f24-ag,kalium-jni,281,11
f4tq,lucene-je-mongo-directory,116,1
FabioBatSilva,esper-demo-nuclear,64,1
FabioBatSilva,imdb_rest,99,1
fabioCollini,CoseNonJavisteDagger,116,1
fabrodev,demodao,108,1
fabrodev,spring-rest-archetype,86,1
fabrodev,tatami,1861,8
fabrodev,Tudu-Lists,881,1
fadrizul,couchdb-lucene,3630,12
fedefernandez,android-rss-reader,336,0
fedefernandez,api-mz,124,0
felixgborrego,websockets-tomcat,187,1
fhd,gwtetris,236,1
fhd,robolectric,12153,39
fiji,Colocalisation_Analysis,1474,11
filipvanlaenen,firstTakesAll,2839,3
FingertiP,roboguice-sherlock,88,5
finnq,github-oauth-plugin,259,13
finnq,slave-setup-plugin,95,4
FireFry,algorithms-java-old,152,1
flengyel,stream-lib,1022,4
flozano,Alternator,416,10
flozano,emojiproblem,108,1
flozano,fluent-logger-java,441,5
flozano,infinispan-lucene-eof-problem,170,1
flozano,jackson-playground,136,1
flozano,java-apns,814,16
flozano,jbehave-junit-runner,1512,12
flozano,jesque-spring,144,3
fourk,metrics-statsd,131,3
FranciscoGutierrez,hintplugin,446,1
frankbe,jTrafo,1136,1
frank-rahn,test-spring-jpa,95,1
frank-rahn,test-spring-simple,43,1
frank-rahn,test-spring-web,85,1
FreddyPena,jadeDao,136,1
FreddyPena,pfm,2036,12
FredericHeem,coinfeed-backend,244,1
FredericHeem,jripple,212,1
fredg02,build-timeout-plugin,189,8
fredg02,copyartifact-plugin,2134,5
fredg02,cvs-plugin,759,20
fredg02,maven-plugin,3248,48
fredg02,parameterized-trigger-plugin,318,11
froland,envspec-spring-profiles,112,1
froland,saj-eshop,160,1
F-Secure,stash-broken-build-hook,1951,2
fusepoolP3,p3-any23-transformer,81,3
fusepoolP3,p3-bing-translate-transformer,25,2
fusepoolP3,p3-datatxt-stanbol,284,4
fusepoolP3,p3-dictionary-matcher-transformer,2637,3
fusepoolP3,p3-geo-enriching-transformer,218,3
fusepoolP3,p3-geo-interlinking,3292,2
fusepoolP3,p3-geoshowcase,8,2
fusepoolP3,p3-pipeline-transformer,77,3
fusepoolP3,p3-proxy,54,3
fusepoolP3,p3-silkdedup,315,3
fusepoolP3,p3-stanbol-engine-fam,236,2
fusepoolP3,p3-template-transformer,26,3
fusepoolP3,p3-transformer-client-library,35,2
fusepoolP3,p3-transformer-library,144,3
gary-rowe,hid4java,481,3
gary-rowe,MultiBitStore,1082,1
gary-rowe,SimpleScaffolding,219,1
garystafford,continuous-deployment-blogpost,160,1
gauthierbl,astyanax,4299,17
gauthierbl,DeckOfCards,124,1
gauthierbl,Robots,156,1
gautric,rabbit.java,160,1
gautric,spring-eap6-quickstart,306,7
gavinmead,chart-ms,1300,1
gbouknecht,my-web-app,239,1
gcummings,build-publisher-plugin,475,4
gcummings,checkstyle-plugin,1425,5
gcummings,confluence-publisher-plugin,400,4
gcummings,cvs-plugin,465,10
gcummings,envinject-plugin,608,5
gcummings,jira-plugin,1232,19
gcummings,maven-plugin,3211,48
gcummings,parameterized-trigger-plugin,513,17
gcummings,scoring-load-balancer-plugin,84,1
gcummings,subversion-plugin,867,16
gcummings,throttle-concurrent-builds-plugin,230,10
gcummings,tracking-git-plugin,124,1
geazzy,avaliacao-jpa-2012,679,2
geazzy,gitminer,752,3
geazzy,jsf-2012,92,1
geazzy,mongodb,148,1
geazzy,topicos-2012,98,1
geazzy,xml-2012,74,1
gettoarun,whois-data-loader,140,0
ggeorgovassilis,reactive-programming,220,1
ggeorgovassilis,spring-rest-invoker,1362,1
ghillairet,emfjson-couchdb,127,1
ghillairet,emfjson-mongo,63,2
ghillairet,gef-gwt,3267,1
gianlucaborello,ec2-plugin,604,39
giflw,jdeb,3497,27
gileri,GP,628,1
gini,doctag_java,359,1
gini,dropbox-java-sdk,1729,1
gini,dropwizard-gelf,1767,4
gini,dropwizard-spring,166,1
giran,Java-Mandrill-Wrapper,164,8
gitahinganga,leave-manager,520,1
gitahinganga,mirth,240,1
gitahinganga,openmrs-contrib-maven-plugin-distrotools,300,1
gitahinganga,test-releasing,156,1
gjb2048,blog-thymeleaf,93,2
gjb2048,MiniThymeleafWebServer,128,1
gkonst,study-compilers,216,1
gleber,elasticsearch-analysis-icu,88,4
GlenKPeterson,fp4java7,2314,1
GlenKPeterson,LearnFpJava,4440,1
GlenKPeterson,PdfLayoutManager,488,2
GlennAustin,xcode-plugin,733,19
gobijan,spark,1138,21
goletaworks,BbScripting,188,1
gopan1785,javaApp,116,1
GorillaTester,junit,8408,66
gowthamnatarajan,j-google-trends-client,1916,1
gpaffett,boningup,140,0
gpaffett,MonetaryUtilities,112,0
gpaffett,squidgie,112,0
gpstathis,hbase-transactional-tableindexed,234,1
grafft,rb-image,250300,1
grahamoregan,dex-rest,108,1
grahamoregan,docr,160,1
grahamoregan,github-plugin,226,23
grahamoregan,scribe-java,960,40
Grooblesign,FamilyHistory,176,1
gsccs,starflow,263,1
gtrujillop,JavaSpringMVCTest,132,0
gulkily,Selenium-Utilities,195,2
harishminchu,appengine-angular-guestbook-java,380,2
harishminchu,ddd-cqrs-sample,567,2
harishpillay,DroidAtScreen1,570,3
heaton,Trivia,684,1
hedrickbt,cvs-plugin,333,3
henriksen,DAT210V14TDD,105,1
henry4j,acra,612,1
henry4j,kxml-3.1,132,1
henry4j,maki4j,388,1
henry4j,netflix-java-client-2.2,249,1
herimedia,gitminer,819,4
heuermh,blend4j,310,3
heuermh,findbugs-guice,153,2
heuermh,galaxy-bootstrap,195,1
heuermh,googlegenomics-api-provider-local-java,1062,4
hgdeoro,daedalus-java-client,128,1
hgdeoro,ejemplo-rest-java-php,1312,1
hnflee,hibernate-memcached,250,6
hnflee,NLPWithMahout,3633,1
hoccer,java-apns,1170,13
holmes,okhttp,174,5
homonecloco,TgacConanProcs,1790,0
horiga,camel-spring-amqp,584,11
horiga,esper-realtimeaccess-mon-example,152,1
horiga,guava-examples,128,0
horiga,nettrest,120,1
horiga,netty4-http-server,144,1
horiga,netty-rpc-server,144,1
horiga,spring-boot-study,168,1
horiga,spring-rabbitmq-study,128,0
horiga,spring-webapp-common,120,0
horiga,study-simple-springboot,140,1
horn3t,jtar,204,3
hornetq,ProtonPlug,508,2
houssoli,apache-hadoop-wordcount,120,1
houssoli,configurationslicing-plugin,274,3
houssoli,cxf-poc,94,1
houssoli,devkit-documentation-rest-jersey,135,1
houssoli,java8-examples,232,3
houssoli,jbehave-junit-runner,1730,6
houssoli,Jenkins-AppDynamics-Plugin,230,1
houssoli,jenkins-connector,3640,3
houssoli,JerseyREST,116,1
hrqiang,sparklr-boot,97,1
hSpille,soccer-client,331,2
hudson2010,couchdb-lucene,3625,11
hudson2-plugins,artifactory-plugin,296,1
hudson2-plugins,blacklist-plugin,107,1
hudson2-plugins,build-timeout-plugin,116,2
hudson2-plugins,clover-plugin,175,4
hudson2-plugins,cobertura-plugin,171,1
hudson2-plugins,collabnet-plugin,1338,1
hudson2-plugins,cvs-plugin,443,5
hudson2-plugins,ec2-plugin,161,3
hudson2-plugins,email-ext-plugin,453,5
hudson2-plugins,git-plugin,1913,24
hudson2-plugins,jira-plugin,176,1
hudson2-plugins,jobcreator-tool,604,1
hudson3-plugins,accelerated-build-now-plugin,295,1
hudson3-plugins,analysis-collector-plugin,182,1
hudson3-plugins,analysis-core-plugin,520,2
hudson3-plugins,analysis-test-plugin,132,1
hudson3-plugins,ansicolor-plugin,144,1
hudson3-plugins,artifactory-plugin,322,1
hudson3-plugins,audit-trail-plugin,231,7
hudson3-plugins,backup-plugin,624,1
hudson3-plugins,batch-task-plugin,144,1
hudson3-plugins,buckminster-plugin,320,3
hudson3-plugins,checkstyle-plugin,248,1
hudson3-plugins,claim-plugin,236,6
hudson3-plugins,clone-workspace-scm-plugin,148,1
hudson3-plugins,clover-plugin,52,3
hudson3-plugins,cobertura-plugin,208,2
hudson3-plugins,collabnet-plugin,1060,1
hudson3-plugins,commons-jelly,1121,1
hudson3-plugins,commons-jelly-tags-define,152,1
hudson3-plugins,commons-jelly-tags-junit,132,1
huhlig,MR2Wordcount,192,1
huntervwang,acra,6169,18
hunts,swagger-springmvc,608,8
hwrdprkns,CloudAppJava,110,4
hybris,lunchtalk-performance,137,1
hybris,raml-validation-proxy,164,2
hybris,scm-sync-configuration-plugin,735,10
iamsireesh,Hibernate-Workshop,480,1
iamsireesh,SpringCore,300,1
ianbollinger,minecraft-blather,120,1
ICT4H,atomfeed-standalone,224,4
ifunsoftware,c3-tika-server,320,1
ijdickinson,jena-utils,100,1
ijdickinson,liddr,92,1
ijdickinson,rdf-order,80,1
ijdickinson,schemagen-maven,170,3
ilinkuo,ngwmn,229,2
ilyamirin,Anthophila,357,1
ilyamirin,DrizzleJDBC,1568,6
ilyamirin,ducking-robot,172,1
ilyamirin,republier-test,132,1
imagej,ij1-patcher,470,5
imagej,ij1-tests,4492,2
imagej,imagej-common,1291,10
imagej,imagej-legacy,1230,10
imagej,imagej-matlab,80,3
imagej,imagej-omero,528,7
imagej,imagej-ops,9580,24
imagej,imagej-plugins-commands,481,3
imagej,imagej-plugins-uploader-ssh,37,3
imagej,imagej-plugins-uploader-webdav,28,2
imagej,imagej-server,931,3
imagej,imagej-ui-swing,884,9
imagej,imagej-updater,377,6
imagej,imagej-usage,55,2
imyousuf,jgit-usage,108,1
indivisible-irl,HTTP-Proxy-Servlet,281,3
indvd00m,jsonrpc4j,656,33
INLHELL,DownloadManager,172,1
inovex,liferay-service-mock-generator,172,1
intltechventures,FizzBuzzEnterpriseEdition,431,13
iosentinel,SpatialSearch,239,1
iosphere,envinject-plugin,647,5
iosphere,git-client-plugin,185,3
iosphere,git-plugin,2853,94
iosphere,ios-device-connector-plugin,227,2
iosphere,junit-attachments-plugin,209,5
ipayy,java-encryption-lib,120,1
iPlantCollaborativeOpenSource,de-files,116,2
isel-leic-mpd,1314v-LI41D-LI61D,1128,1
it-agile,JimFlowJira,105,1
italianpride15,BitHub,506,7
I-TECH,openmrs-contrib-maven-plugin-distrotools,408,1
ivgiuliani,ormlite-jdbc,911,1
iVirtualDeveloper,browsermob-proxy,60,18
iVirtualDeveloper,web-client-benchmark,88,3
J2MTecnologia,frente_de_caixa,284,2
JabariHolder,junit,7384,54
jack10,connect4plus,3927,2
JacksonYY,Malayans.Module,140,0
jadianes,yhat-client,480,1
JamesA99,TwilioNotifier,170,1
jamescarr,camel-example,84,0
jamescarr,couchdb-lucene,2289,0
jamesdbloom,base_spring_mvc_web_application,260,1
jamesmorgan,LoginDemoWebService,168,1
jamesmorgan,PAF-Monkey,2561,2
JANCARLO123,junit,8603,79
JANCARLO123,SpringGratuito,188,1
jandrewthompson,mapper-magick,104,0
jandrewthompson,planit,640,0
janipasanen,JavaVerbalExpressions,273,9
jarlebh,libvirt-slave-plugin,136,1
jasalguero,GraphWalker-Examples,80,1
JasonStorey,maunbot,228,1
javaroot,design-principles,161,0
javaroot,greenhouse,4980,5
javaroot,spring-data-jpa,1342,13
javaroot,spring-mvc-showcase,639,5
JAVASOAT,Annotations,90,1
JAVASOAT,CreditCardValdator,109,2
JAVASOAT,IBatisTutorial1,91,1
JAVASOAT,MyBatisTutorial1,96,1
javierj,android-rss,194,3
jawi,jline2,2852,29
jawi,libdemoncore,160,1
jb38,cs474-simulation,6192,3
jbeerdev,RobolectricSample,7041,6
jbijoux,riak-hadoop,109,2
jClarity,agoncal-application-petstore-ee6,685,8
jClarity,epump,185,2
jClarity,hawkshaw,75,5
jClarity,jfx-mem,2746,3
jClarity,mjstack,126,2
jClarity,student-programme,140,1
jClarity,ThreadPools,7,2
jclehner,acra,2071,9
jcmuller,github-oauth-plugin,237,6
jcmuller,git-parameter,120,3
jcodagnone,onto1,172,1
jcodagnone,su-smack-xep-60,156,0
jcu-eresearch,fascinator-harvester-directory-name,272,2
jcu-eresearch,fascinator-shibboleth,263,3
jdbeutel,email-ext-plugin,309,1
jdbeutel,hudson-email-ext,466,0
jdbeutel,uh-casdemo,414,1
jdcorless,hellogitworld,272,2
jdmr,academia-portlet,776,1
jdmr,demo,308,1
jdmr,eliseo-portlet,688,1
jdmr,escuela,267,1
jdmr,escuelasabatica-portlet,176,1
jdmr,es-portlet,636,1
Jean-Emile,JDBM3,2699,10
jean-merelis,coffeepot-bean-wr,215,3
jean-merelis,coffeepot-br-sintegra,95,1
jean-merelis,coffeepot-br-sped-fiscal,373,3
jean-merelis,coffeepot-pos-tef,124,1
JEBailey,jzlib,651,4
JEBailey,Maven-CRX-Plugin,93,4
jeffcarroll,getglue-client,85,1
jefferys,playground,108,1
jeffpees,addtoCartTest,4136,1
jelford,richobjects,144,1
jet-cheng,b3log-symphony,820,4
jet-cheng,jetbrick-template,11127,2
jferna57,elasticsearch-analysis-phonetic,137,4
jhs,couchdb-lucene,3408,4
jiakuan,cascading.learn,122,2
jiakuan,cascading.utils,1105,1
jiakuan,elasticsearch-test,796,5
jiakuan,jcabi-jdbc,483,2
JIGD,testng-plugin-plugin,609,8
jimmyrengga,belajar-spring-data-jpa,75,1
jimomulloy,sip01,360,2
jimomulloy,sip02,356,1
jimomulloy,sip03,194,2
jimomulloy,sip04,240,1
jimomulloy,sip05,343,2
jimomulloy,sip06,443,1
jimomulloy,sip10,325,1
jimomulloy,spring-petclinic,1010,6
jjerrodtaylor,apiwrapper,164,1
jjerrodtaylor,toolkit,2197,1
jlindsey,java-semver,64,1
jmarley,connector.ibis,281,0
jmarley,translator.ibis,6909,2
jmarley,translator-solr,126,0
jmayaalv,mapo,1120,1
jnorthr,java-spock-test-sample,76,2
jntakpe,FLS,844,1
jocull,Java-Websockify,154,1
joe-l-bright,BlockChainTest,100,1
joerivandervelde,molgenis-genotype-reader,892,3
joerivandervelde,molgenis-lifelines,685,5
jogaco,s3s3mirror,112,2
johnament,arquillian-extension-jacoco,193,8
johnament,cdi-events,98,1
johnament,injectahvent,176,1
johnaohara,aesh,3085,10
johnaohara,jastow,666,7
johnaohara,jboss-as-controller-client-testcase,128,1
johnaohara,jboss-modules,2547,16
johnbhurst,concordion-excel-extension-tutorial,1269,3
johnbhurst,concordion-exception-translator-extension-demo,164,2
johnbhurst,concordion-logging-tooltip-extension-demo,173,2
johnbhurst,concordion-screenshot-extension-demo,426,2
johnbhurst,dbunit-samples,246,1
johnktims,querydsl-extra-bytes,144,1
johnpfield,fortressdemo2,738,3
johnpfield,psi-jee,144,1
johntconklin,jzmq,1642,60
Jojas,cucumber-jvm-example,75,2
Jojas,djackatron2,185,1
Jojas,KittyTwitter,162,4
jonnyro,git-client-plugin,2525,41
jonnyro,jenkins-inheritance-plugin,826,3
jonnyro,xunit-plugin,841,18
jonstewart,Rejistry,247,2
jopecko,logback-flume-ng,144,0
jopecko,metrics-guice,122,0
jorgenpt,android-emulator-plugin,513,11
jorgenpt,git-plugin,1799,51
josafasr,spr-mvc-hib,119,1
josafasr,swing-springjdbc-crud,142,1
joseignaciosg,ITBAr,104,0
joseignaciosg,OLAP-TP-Especial,717,6
joseignaciosg,PAWRealState,2380,4
joseignaciosg,sprint3paw,376,1
joseignaciosg,TPProtos2cuat2012,4579,3
joseph-a-ramirez-ii,welcome-world,116,1
josephtaylor,cities-in-transit,572,1
josephtaylor,ColorScheme,824,1
josephtaylor,nomenincerti,1828,1
joval,JDBM3,2811,11
jrdalpra,FrenchPress,1717,1
jrdalpra,liquibase-hibernate,215,4
jrdalpra,maven-jrebel-plugin,109,4
jrdalpra,petcatalog,788,3
jrdalpra,render,230,2
jrdalpra,spring-restbucks,418,1
jrdalpra,swagger4spring-web,148,3
jrdalpra,web-xml-merger-maven-plugin,192,1
jrgriffiniii,basex-api,9559,15
jrrickard,spring-data-jpa,2411,15
jryans,jless,1044,2
jsm,github-api,3715,24
jsm,github-oauth-plugin,607,17
Juanmcuello,pusher-java-client,2431,5
juanprq,spark-simple-api,164,1
judasn,fastjson,5399,8
judasn,mmseg4j-solr,335,1
julienchastang,charts4j,4673,2
julienchastang,idvbox,104,1
julienchastang,idv-maven,4288,1
julienchastang,VisAD,6530,2
justisr,worldguard,7559,31
jxc876,mvc,384,1
jxc876,mvn-groovy,144,1
jxc876,NoMySQL,955,0
jxc876,Selenium-Maven-Template,163,1
jxc876,spring-mvc-hibernate-skeleton,235,2
jxc876,spring-mvc-showcase,968,5
jxc876,spr-mvc-hib,157,2
jyking1986,dropwizard-configurable-assets-bundle,113,4
jyking1986,geohash-java,60,4
jyking1986,jdbi,11928,17
K2Media,fongo,290,1
K2Media,foursquare-api-java,439,1
k9mail,HtmlCleaner,1883,0
k9mail,jutf7,127,0
k9mail,jzlib,138,2
kajigga,unirest-java,256,4
kalw,iNotes-exporter,392,2
kamichidu,java-javaimport,772,1
kamichidu,java-lolivimson,443,2
kamichidu,java-ref-java,140,1
kape1395,jenkins-ditz-plugin,108,2
karahiyo,fluent-logger-java,409,4
karmanov,blackjack,216,1
KarolS,hOCR4J,284,1
kaspernj,EasyHttp,104,1
kayahr,gramath,716,1
kayahr,jasdoc,1114,2
kayahr,jollada,1084,1
kayahr,jsoup,2198,12
kayahr,math-taglib,123,1
kayahr,oneinstance,112,1
kbeathanabhotla,jersey-sample,160,0
kbeathanabhotla,selenium-automation-framework,3248,0
kbeathanabhotla,timesheet,192,0
keesun,demo-spring-boot-java,356,1
keesun,mod-socket-io,7475,3
keesun,spring-data-jpa,877,5
keithdmoore,aerogear-unifiedpush-java-client,334,12
KepaJRodriguez,add_ehri_ids_to_ead_nodes,172,1
KepaJRodriguez,add-paths-to-ead-nodes,208,1
KepaJRodriguez,bundesarchivdates,140,1
KepaJRodriguez,ehri-indexer,802,4
KepaJRodriguez,geotranslation,120,1
KepaJRodriguez,hd-vspacebuilder,472,1
KepaJRodriguez,hd-webapp,5736,1
KepaJRodriguez,identify_main_identifier,192,1
KepaJRodriguez,lucene-skos,88,1
KepaJRodriguez,lucene-skos-ehri,1400,1
KepaJRodriguez,termexpansion,236,1
kfgodel,bean2bean,754,1
kfgodel,diamond,895,1
kfgodel,fluentizer,44,1
kfgodel,objectmapper,348,1
kfgodel,toString,89,1
kframework,mpfr-java,269,1
kh2ouija,g2dm,176,1
kh2ouija,gilded-rose-kata,104,1
kh2ouija,string-calculator-kata,112,1
kh2ouija,trip-service-kata,1478,6
khellan,storm-yarn,93,3
khenriks,Bukkit,3423,67
kimble,elastic-search-sandbox,108,1
kimble,java7-sandbox,96,1
kimble,NoCommons,1990,6
kinow,bancotalentos,936,0
kinow,commons-pool,488,1
kinow,deploy-plugin,239,10
kinow,filesystem_scm-plugin,120,3
kiranreddykasa,springrest-angularjs,381,3
kiselev-dv,o5m4j,212,1
kjahan,lda,22,1
kjahan,twitter-mining,356,1
kjellski,Bukkit,3642,67
kknd22,drools-hello-world,108,1
klwork,vaadin-simple,4040,0
kmmanu,bsimple,348,3
kmmanu,ddd-leaven-v2,658,1
kmmanu,ESLab,80,1
kmmanu,MvcXmlFree,112,1
kmmanu,rock-paper-scissors-in-java,122,1
kmmanu,SpringCucumber,148,1
kmmanu,SpringJPASample,23,1
kmmanu,SpringMVC,116,1
kmmanu,spring-mvc-31-demo,164,2
kmmanu,SpringMySQLJDBC,116,1
kmmanu,spring-test-mvc,1050,13
kmmanu,UnitTest,144,1
knusul,second-tdd-experiment,100,1
knusul,tdd-experiment,96,1
koi8r,Challenge,30,1
kojiromike,git-client-plugin,758,18
konvenit,github-api,504,5
KostasChr,EscapeFilterBubble,228,1
KostasChr,FillBasket,164,1
KostasChr,TopicBrowser,296,1
kowsercse,GovForms,2680,1
kowsercse,hello-derby,156,1
kowsercse,mockito,100,1
kpfleming,jenkins-ec2-plugin,782,18
kpfleming,jenkins-github-plugin,183,17
kpfleming,jenkins-git-plugin,1805,62
kpfleming,jenkins-remoting,1541,19
kptran,sql2o,678,2
kr0nicas,Localiza,116,1
kr0nicas,LocalizaApp,116,0
krisk24,my-own-storm,108,0
kristjanr,energycalc,132,0
kristjanr,ForecastBusterServer,344,1
ksclarke,ezid,147,2
ksclarke,freelib-bagit,900,1
ksmiley,Rhombus,432,2
kukelekuuk00,mcMMO,12455,32
kukelekuuk00,worldguard,4116,30
kvick,publish-over-ssh-plugin,483,1
laiweiwei,crawler,348,4
laiweiwei,demo-maven-config,73,0
laiweiwei,demo-order,89,1
laiweiwei,DiskLruCache,150,6
laiweiwei,eweb4j-dwz,183,1
laiweiwei,eweb4j-framework,2516,3
laiweiwei,eweb4j-solidbase,438,1
laiweiwei,markdownj,1482,5
langmi,khs-spring-batch-report-writer,201,2
langmi,spring-batch-examples-basics,376,2
langmi,spring-batch-examples-complex,194,1
langmi,spring-batch-examples-listeners,140,1
langmi,spring-batch-examples-playground,248,2
langmi,spring-batch-examples-readers,456,1
langmi,spring-batch-examples-writers,136,1
larryfang,classloader-leak-prevention,117,1
larryfang,maven-cuke4duke-jump-start,225,1
laserchicken,kwic,264,1
lat-lon,j2ep,410,2
laxman954,GeoIP2-java,2957,6
lborie,AppImport,424,1
lborie,DemangeActivator,456,6
lborie,StartEndpoint,232,1
lbrackspace,java-cloudfiles,3210,8
lbrackspace,java-keystone,1764,1
lbrackspace,jdeb,1372,9
lbrackspace,stingray-rest-client,656,4
ldangelo,orangeleap-client,120,1
leachryanb,hellogitworld,160,1
leahxschmidt,LittleProxy,916,9
leahxschmidt,littleshoot-stun-client,237,2
leahxschmidt,littleshoot-stun-stack,368,1
leahxschmidt,littleshoot-util,279,1
leahxschmidt,littleshoot-xmpp,272,2
leanix,leanix-sdk-java,15935,9
leanix,smartfacts-sdk-java,122,0
learnin,jax-rs-example-with-javaee7,116,1
learnin,junit-example,136,1
leedavidr,docx4j-ImportXHTML,556,4
leedm777,composite-key-bug,100,1
leonardocordeiro,auron,432,0
leourbina,jdeb,1904,14
lesmendezc,Fizz_Buzz,116,1
lgadawski,benchmarkingDrools,320,1
lgadawski,cloverage-maven-plugin,281,1
lgadawski,drools-core-with-db,4572,1
lgadawski,droolsUtil,756,1
lgadawski,test-polyglot-project,176,1
liamjbennett,Maven-License-Verifier-Plugin,1043,1
liamjbennett,promoted-builds-plugin,525,17
lichengwu,batch,336,1
lichengwu,fastjson,11490,6
lichengwu,gaara,568,1
lichengwu,jvm,156,1
lichengwu,utils,516,1
lindenbaum,maven-erlang-plugin,8714,2
link-nv,oath,128,1
LinuxBozo,jenkins-sonar-plugin,503,5
liquidm,java-util,590,7
LisaMM,bierhuis,444,1
LisaMM,brouwerweb,276,1
LisaMM,jenkinsExercise,160,1
LisaMM,SpringWeb,376,1
liweinan,acme-subsystem,108,1
liweinan,arq-tt,128,1
liweinan,ett-integration,122,2
liweinan,image-detect,128,1
liweinan,jackson-core,1675,5
liweinan,jackson-module-jaxb-annotations,300,4
liweinan,javaee,295,1
liweinan,java-snippets,349,1
liweinan,jaxb-hashmap,100,1
lkwg82,android-backup-extractor,185,2
lkwg82,enforcer-maven-plugin,232,1
lkwg82,enforcer-rules,344,1
lkwg82,lint-maven-plugin,571,6
lkwg82,PoC_reverse-cache-ahead-proxy,156,1
lkwg82,PoC_SpringMXBean,112,1
lkwg82,versions-maven-plugin,472,1
lkwidzinski,RegisterOfficeMavenJDBC,125,0
lkwidzinski,zadanie2,596,0
lmc-eu,applyalter,291,2
lopezpdvn,sip03,60,2
lopezpdvn,sip04,60,1
louishe,lqt,7445,2
louishe,wsc,2879,9
lsamayoa,java-technical-test,120,1
LuisMoralesAlonso,batch-import,610,6
LuisMoralesAlonso,datacube,4518,3
LuisMoralesAlonso,imdb,64,2
luiz,aztec-java,268,1
luiz,joda-time,13058,10
lukecampbell,elasticsearch-river-couchdb,100,4
lulufei,acra,3429,8
luoqii,android-travis-ci-example,123,2
luoqii,fastjson,11506,6
lviggiano,GoogleAuth,68,1
lviggiano,JBake,2804,3
lviggiano,jdbi,11122,13
lviggiano,mgwt,3768,5
lviggiano,sales-taxes,156,1
m3dev,curly,92,4
m3dev,global-session-filter,346,1
m3dev,memcached-client-facade,159,1
m3dev,multilane,321,1
m3dev,openid4java-memcached-association-store,137,1
m3dev,scalaflavor4j,625,1
M4GiK,Distributed-Transactions,276,1
machinelearner,hadoop-utils,422,2
machinelearner,mr_twitter_processing,112,1
madhusudancs,hyracks-extsort-benchmark,104,1
Madusudanan,GenericTree,96,1
mageshbk,httpserver,329,4
mageshbk,soap,863,1
maguro,crypto4j,108,1
maguro,lua4j,114,1
maleficarum,mule-calixta,348,1
maleficarum,mule-hazelcast,3212,1
maleficarum,mule-rabbitmq,476,1
managedit,jclouds-plugin,325,6
manikantag,android-apk-parser,1214,1
MansurAshraf,uncommon-configuration,460,1
mapr,hcatalog,5247,3
mapr,httpfs,281,8
maqinjun,java-apns,1385,17
maqinjun,pushy,2534,5
marcomorain,joda-time,12691,5
marcosvpcortes,jersey-mvc-jasper,216,1
mariusae,commons-pool,410,1
mariusae,netty,5455,22
markmo,JPA-NestedSet,133,3
martinlau,metrics-spring,1110,12
martinusadyh,aplikasi-bukualamat,818,1
martoe,jenkins-plugin-info-plugin,501,7
martoe,schemacopy,4224,0
martoncsukas,spr-mvc-hib,129,1
masreis,controla-preco,154,1
masreis,e-commerce,3648,2
masreis,e-commerce-jee,99,1
masreis,exemplos-livro-lucene,12765,1
masreis,modulo-controle-acesso,1128,1
masreis,mongodb-logger,180,1
masreis,tutorial-hibernate,148,1
masreis,wikipedia-offline,37,1
mastayoda,StormBoltConnector,120,1
masudaK,otumin,2108,1
matlockx,de.flapdoodle.embed.mongo,1598,20
matthewlsawyer,cache2,346,1
mattiasbpersson,external-resource-dispatcher-plugin,320,3
mattiasbpersson,jacoco-plugin,786,14
mattjmorrison,cobertura-plugin,1455,4
MattLud,git-plugin,2867,98
MattLud,htmlpublisher-plugin,106,12
MattLud,mercurial-plugin,657,11
MattNapsAlot,ec2-plugin,332,13
matttproud,groningen,808,6
matttproud,java_accepts,172,1
matttproud,java_quantile_estimation,368,2
maudineormsby,sauce-ci-java-demo,120,1
maxammann,BlockRegionBlock,100,1
maxammann,CommandLib,320,1
maxgfaraday,elasticsearch,80,119
MC-Escherichia,jdelaunay,6440,3
mcmonster,bauble,303,1
mcmonster,unipoint,3332,1
mcs,badminton-ladder,644,1
mcs,JUnit4---XmlUnit---Spring---Velocity,112,1
mcs,otr-java-mirror-core,152,1
mcs,Stripes-SpringTesting,224,1
mcs,Tree-menu,116,1
mdamour1976,pentaho-mondrianschemaworkbench-plugins,7695,13
mdewey,TinCanJava,266,3
medcl,elasticsearch-analysis-mmseg,1032,3
medcl,elasticsearch-analysis-paoding,1784,1
medcl,elasticsearch-analysis-pinyin,12685,7
medcl,elasticsearch-analysis-stconvert,167,2
medcl,elasticsearch-analysis-string2int,55,2
medcl,elasticsearch-carrot2,153,1
medcl,elasticsearch-filter-redis,112,1
meskis,GIS1,400,1
meskis,GIS2,256,1
meti663,java-api-wrapper,1087,4
meti663,junit,76,56
mexekanez,springexample,10060,1
meyarivan,fhrtools,312,1
mfh,elasticsearch,120,94
mgiovenco,tree-traverser,8,1
mgm-tp,perfload-agent,59,3
mgm-tp,perfload-loadprofiles,281,2
mgm-tp,perfload-logging,28,3
mgm-tp,perfload-perfalyzer,760,2
mgm-tp,perfload-perfmon,3630,3
mguindin,cryptochat,112,1
michaelarshinov,DSaS,363,3
michaelarshinov,scribe-java,981,39
michaelarshinov,universal-analytics-java,64,0
michaelbprice,tfs-plugin,11986,9
MichaelPereira,git-plugin,2713,92
MichaelPereira,matrix-combinations-plugin,96,2
micromata,javaapiforkml,752,3
micromata,jiraRestClient,632,1
micromata,projectforge-common,149,1
micromata,projectforge-continuous-db,226,2
micromata,projectforge-excel,107,1
micromata,projectforge-jax-rs,77,1
miguno,kafka-spout,208,0
MikeHoffert,easy-append,1364,1
mikiobraun,java-terminal,75,0
mikiobraun,jline2,660,1
mikiobraun,jline-fork,362,1
mikiobraun,liblinear-java,274,3
MikkelTAndersen,emma-plugin,444,5
MikkelTAndersen,Java-WebSocket,3651,18
mkotsbak,jackbox,1079,4
mlc,mimecraft,187,3
mneedham,batch-import,680,4
mneedham,datagraph338,123,1
mneedham,dummy-unmanaged-extension,24,2
mneedham,hierarchy,132,1
mnunberg,cbc-java,108,1
mnunberg,CouchbaseMock,1222,5
mocleiri,externals-maven-plugin,608,1
mocleiri,github-api,1257,4
mocleiri,github-oauth-plugin,1017,6
mocleiri,git-workflow-maven-plugin,188,1
mocleiri,graph-maven-plugin,2198,3
moisespsena,vraptor-listenerexecution,104,1
molindo,elastic-compass,1396,1
molindo,elasticsearch-osem,271,2
molindo,esi4j,414,2
molindo,jetcd,240,5
molindo,maven-graph-plugin,882,1
molindo,molindo-amazonclient,164,1
molindo,molindo-dbcopy,256,1
molindo,molindo-mysql-collations,156,1
molindo,molindo-mysql-collations-lib,1996,1
molindo,molindo-notify,796,2
molindo,molindo-utils,432,2
molindo,molindo-wicket-utils,420,2
molindo,scrutineer,307,5
molindo,wicketstuff-merged-resources,602,2
momenator,chat-server,268,0
mooman219,Bukkit,4054,93
moserp,code-coverage-example,92,1
motlin,junit,8330,80
mpobrien,guiceymongo-generator,140,2
mrioan,kitchensink-example,131,3
mrmarkyb,XmlBuilder,132,2
mss,java-netstat,152,1
mub,spring-mvc-showcase,766,5
mub,zookeeper-book-example,233,1
MurphyL,xp,216,2
mwaylabs,dynjs,96,22
mwaylabs,JmDNS,1737,2
mwoodiupui,DSpace-installer,144,1
myclabs,CarbonDB-reasoner,802,2
mypark,pig-dynamodb,111,1
n1hility,jandex,1126,14
n1hility,jboss-dmr,829,3
n1hility,jboss-ejb-client,1242,5
n1hility,jboss-invocation,560,3
n1hility,jboss-logmanager,658,6
n1hility,jboss-modules,2031,17
n1hility,jboss-msc,1196,7
n1hility,jboss-remote-naming,316,7
n1hility,jboss-threads,222,2
n1hility,playground,139,1
n1hility,staxmapper,52,3
n2uitive,jedis,581,18
N3TWORK,bytebuffer-collections,151,1
N3TWORK,druid-api,290,6
N3TWORK,emitter,178,6
N3TWORK,extendedset,366,2
N3TWORK,http-client,238,6
N3TWORK,java-util,588,8
n3wtron,jwtest,576,2
n3wtron,log4all-client-java,196,1
n3wtron,log4all-client-log4j,237,2
n3wtron,m2release-plugin,316,9
narrowtux,CerealizationFX,118,4
narrowtux,SimpleSave,244,4
NathanGRomano,play-akismet,84,1
ncb000gt,dt-utils,112,1
ndagrawal,DroidAtScreen1,609,4
nejette,location-voiture,180,0
nejette,location-voiture-spring-jsf,132,1
nejette,template-JSF-CDI-EJB,144,1
nejette,TP-CentreFormation,104,1
neo4j,docs-maven-plugin,182,4
neo4j,license-maven-plugin,407,2
neo4j,licensing-maven-plugin,212,2
neo4j,maven-skin,147,3
neo4j,windows-wrapper,744,10
neo4j-contrib,authentication-extension,1336,8
neo4j-contrib,changes-maven-plugin,154,1
neo4j-contrib,cypher-dsl,616,14
neo4j-contrib,cypher-http-examples,98,1
neo4j-contrib,fast-http,508,2
neo4j-contrib,geoff-plugin,248,1
neo4j-contrib,graph-collections,1979,10
neo4j-contrib,gremlin-plugin,727,11
neo4j-contrib,java-rest-binding,902,17
neo4j-contrib,javascript-plugin,1133,3
neo4j-contrib,legacy-index,716,9
neo4j-examples,neo4j-spatial-template,99,1
Neonunux,calao,3463,3
NerdPhysics1,iproxy,521,1
nerds-odd-e,elasticsearch-lang-javascript,308,4
nerds-odd-e,MockingDemo,109,0
nerds-odd-e,User-Registration-and-Login-Exercise,208,0
nethad,clustermeister-examples,679,1
netstart,JUnitFindBugsWrapper,124,1
netstart,JUnit-PMD-Test-Wrapper,3531,1
neurolit,db2triples,362,3
nickfun,java-heroku,428,1
nickfun,javarest,180,1
nicolas-f,CTS,2775,1
nicolas-f,jdelaunay,7965,2
nicolas-f,jsi,3125,2
nicosteiner,jasmin,281,1
nigel-v-thomas,embargobydate,88,1
nigel-v-thomas,SOAProvisioningAPI,128,1
Nightgunner5,Bukkit,3501,66
nikelin,embedded-servlet-3.0,67,1
nikelin,gwtp-generator-plugin,128,1
niktrix,mycp,64,2
nimeia,Hetty,8008,2
nimeia,JActor,1542,3
nimeia,JID,1526,2
NinaMargrethe,irclib,117,3
nirojans,ghprb_plugin,4900,1
nirojans,github_api,284,0
nirojans,jenkins_maven_plugin,620,0
nirojans,testDeployPlugin,132,1
nitram509,jmacaroons,1320,2
nitram509,jnacl,223,2
nitram509,jspark,105,1
nKey,git-client-plugin,2469,40
nKey,git-plugin,3958,127
NKjoep,entando-plugin-jpcsseditor,1330,1
nmcb,playground,136,1
nohorbee,raml-codegen,330,1
nohorbee,raml-java-parser,1149,6
noppanit,LunchSelector_Java,704,1
NotBadPad,bi-jasper,300,1
NotBadPad,demo-httpserver,911,1
NotBadPad,easy-httpserver,537,1
NotBadPad,tiny-spring,174,2
notcomment,UFMGame,40177,4
notoriousre-i-d,net.loadbang.shado,901,1
Novakov,build-failure-analyzer-plugin,625,5
nowi,PartialMatcher,304,2
nrrrdcore,hellogitworld,187,1
ns,interchange,1607,1
ntrp,netty-socketio,1055,3
nuboat,Bgile,4831,1
nuboat,JSFTutorial,152,1
nuboat,Lambva,136,1
nuboat,MobileAPI,232,1
nuboat,Report,716,1
nuboat,Services,107,1
nuboat,TestEJB,112,1
nuboat,Tools,196,0
nuboat,ZooKeeper,108,1
nycholas,jsonrpc2-base,164,1
nycholas,jsonrpc2-client,120,1
nycholas,vraptor-client,192,4
o,gaia,224,2
obsdeck,dashboard,4396,5
obsdeck,embedded-jmxtrans,3580,6
obsdeck,jeromq,950,6
obustamante,junit,7241,51
olegCtco,ListViewer,278,3
olegCtco,MetacharactersApp,164,1
oleg-nenashev,authorize-project-plugin,204,1
oleg-nenashev,copyartifact-plugin,289,12
oleg-nenashev,credentials-plugin,551,9
oleg-nenashev,github-plugin,516,28
oleg-nenashev,groovy-sandbox,485,2
oleg-nenashev,ircbot,237,14
oleg-nenashev,jenkins-tcl-plugin,5389,1
oleg-nenashev,label-verifier-plugin,130,0
oleg-nenashev,lib-jira-scraper,150,3
oleg-nenashev,monitoring-plugin,958,1
oleg-nenashev,priority-sorter-plugin,385,5
oleg-nenashev,role-strategy-plugin,163,1
oliver32767,FizzBuzzEnterpriseEdition,205,8
OlivierGonthier,maven-android-plugin,6641,68
omalley,base64,33,3
omalley,clotho,5415,2
omearaj,cf-scale-ce-1,272,1
omnisis,jersey-spring-jetty-example,168,2
omshivaprakash,glacieruploader,472,3
openx,OX3-Java-API-Client,61,1
openx,SSRTBPriceCrypter,90,1
ophis,crawler,4984,0
opitzconsulting,bwertr-java,942,1
ops4j,org.ops4j.pax.ace-maven-plugin,152,1
ops4j,org.ops4j.pax.jmx,128,1
ops4j,org.ops4j.pax.tinybundles,650,9
optivo-org,commons-dbcp,689,1
optivo-org,commons-dbcp-optivo,1120,0
optivo-org,junit-benchmarks,160,0
os-cillation,JalaliCalendar,125,2
ourdatguy,tinted-tries,116,0
P1tt187,SmartComparator,267,1
pabloct,SpringBase,272,1
pakchoidora,java-client,6882,4
palexander,ontologies_api_java_client,198,1
parj,sardine,10544,1
paulkmoore,scribe-java,3819,39
paulmory,Bukkit,3674,67
paulmory,craftconomy3,967,2
pavax,jackson-datatype-joda,84,10
pavax,oracle-uuid-test,164,1
paweln1986,RomeConverterKata,128,1
pborgen,SikuliX-Jython,2226,2
pcarranza,simpletsa,4836,1
pccofvns,algorithms,2366,1
pcrease,datacube,64,5
pcrease,geohash-java,60,4
pcrease,hierarchical-clustering-java,248,1
pcrease,jts2geojson,184,1
pcrease,main,3223,1
pcrease,SOLR-2155,60,1
pdtyreus,neotrac4j,59,1
pdtyreus,recurly-java-library,456,8
PeaceS,djackatron2,149,1
PeaceS,hello-new-world,75,1
PeaceS,hellow-old-world,76,1
pedrotoliveira,camel-spring-amqp,433,8
pekim,alwol,116,1
pekim,node-java,188,1
pekim,node-jdbc,226,1
penguinmenac3,AgeOfSail,284,2
perjansson,chart-lab,332,1
perjansson,thymeleaf-lab,1460,1
PeterNSteinmetz,maven-nar-plugin,2468,4
pgilmore,YstadEnergiClient,160,1
phathvu,jumblr,1983,7
phathvu,repositories-deepdive,99,1
phathvu,scribe-java,1888,39
phiamo,multi-slave-config-plugin,128,1
phiamo,offlineonfailure-plugin,68,1
phoops,GoFleetLSServer,983,2
pilhuhn,GCViewer,3519,12
pipedreambomb,PlummetX,200,1
pjordan,tasim-transportable,114,0
pjrt,cobertura-plugin,560,14
pjrt,jenkins-clone-workspace-scm-plugin,145,5
pkvprakash,templeapp,176,1
plexiti,the-job-announcement,4329,2
plexiti,the-job-announcement-exec-specs,183,1
plexiti,the-job-announcement-fox,968,2
plista,kornakapi,669,3
pmig,zendesk-java-client,154,3
pofallon,jersey2-akka-java,25,1
poolingpeople,java-rest-binding,1806,17
poolingpeople,xing-api,224,2
pral2a,ardoSerial,3253,1
preym,Fudge-Java,4397,11
prjemian,jlake,5780,1
Promichel,Rezeptkram,372,2
proydakov,jmax,12736,3
psenger,GraphTools,132,1
ptdecker,jdbitest,152,1
ptdecker,wumpus-proc,240,1
ptgoetz,astyanax,4442,20
ptgoetz,cassandra-triggers,1803,4
ptgoetz,cassandra-unit,3372,7
ptgoetz,clojure-maven-plugin,569,28
ptgoetz,duke,3230,1
ptgoetz,hdfs-cli,32826,2
ptgoetz,logback-kafka,168,1
ptgoetz,storm-cassandra,655,3
ptgoetz,storm-hbase,333,2
ptgoetz,storm-hdfs,470,1
ptgoetz,storm-jms,291,6
qabbasi,DailyKata,224,1
qpliu,ifstd,3360,1
qpliu,jackson-core,3104,13
qpliu,jackson-dataformat-msgpack,236,1
qpliu,jackson-util-streaming,116,1
QwertyManiac,brickhouse-cdh,547,14
QwertyManiac,hadoop-distcp-mr1,211,1
rabbitt,jabber-plugin,68,7
rac2030,jsr354-tck,209,3
rac2030,OWASP-Proxy,950,2
rac2030,SeleniumDownloadHelper,4758,1
rac2030,TestFrameworkHelper,176,1
radeinla,RT-REST,155,1
rahulmadhavan,astyanax,2875,8
rahulmadhavan,queue-learnings,120,1
RainerW,Abzuarbeiten,108,0
RainerW,ArTest,80,1
RainerW,fsm,164,1
RainerW,JBake,4101,9
RainerW,NeatTestSamples,72,1
RainerW,wicket6-sample1,120,1
RainerW,xml-demo,92,0
Rajendhiran,android-rss,368,3
Ram101,CassandraCRUD,182,1
Ram101,MongoClient,107,1
Ram101,RedisConnect,103,1
raoiitkgp,hadoop-book-1,1288,2
raoiitkgp,hadoop-examples-1,78,1
raoiitkgp,hadoop-qctree,1227,1
raoiitkgp,pigML,220,2
raoiitkgp,riak-hadoop,109,2
raonifn,jpa-query-paginator,279,2
raonifn,junit-casperjs,375,1
raonifn,neo4j-poc,120,1
rapaul,cucumber-jvm-guice-examples,112,1
rapaul,cukejvm-spike,92,1
rapaul,cukejvm-web-driver-switching,96,1
raphaelbauer,apitester,727,5
raphaelbauer,doctest,112,7
raphaelbauer,ninja-devfest,872,1
raphaelbauer,ninja-logtest,124,1
raphaelbauer,ninja-playground,124,1
rapzo,chord,136,1
rbpark,2013-coding-contest,65,1
rbpark,storm-kafka-0.8-plus,921,3
rburton,gomon,88,0
rc800052,coactivosMVCCliente,325,1
reggert,reb4j,3659,1
renevanderark,magic-file-java-6,78,1
renfeng,aws-sdk-for-java-on-gae,5275,3
renfeng,fourhour,120,1
renfeng,sshj,2456,12
reny77,springtilesexample,108,0
riasol,EspeakNextGui,160,1
RicardasLukosevicius,java-technical-test,60,1
RicardasLukosevicius,spring-mvc-showcase,990,5
RicardoRdzG,hibernate-tools,13027,4
ricardoteixas,generic-module-loader,192,1
riccardo-forina,grunt-maven-plugin,211,7
richardjaldin,java-faker,527,10
richcole,Deforma,7019,2
ridoo,CSWLoDEnabler,108,0
ridoo,jfreechart-fse,9125,7
riotopsys,JSONDiffSync,168,1
riotopsys,json-patch,268,1
rkhaotix,apgdiff,763,1
rlegendi,pokr-heroku-webapp,196,1
rmg,github-api,2206,16
rmpestano,arquillian-jacoco-issue,1360,1
rmpestano,arquillian-mocks,176,1
rmpestano,cdi-crud,2847,1
rmpestano,cdi-outcontainer-test,168,1
rmpestano,crud-plugin,428,1
rmpestano,plugin-arquillian,434,4
rmpestano,rsjug,280,1
robusta-inc,bone-cp-xsd,140,0
robusta-inc,commons-cli,64,8
robusta-inc,local-client-bypass,120,0
robusta-inc,logger-tracer,122,0
robusta-inc,package-dependency-checker,288,0
robusta-inc,spring-session-attribute,184,0
robusta-inc,transactor,116,0
rock-hu,mule-app,224,1
rock-hu,works-batch,5972,1
rock-hu,works-common,568,1
rock-hu,works-converter,3404,1
rock-hu,works-message,2599,1
rock-hu,works-model,224,1
rodrigoguedes,produtec,198,1
rogelio2k,obd-java-api,107,2
rokon12,auction,64,7
romanb,JPA-NestedSet,284,2
RonZamkadny,club260631cucumber,140,1
rossabaker,maven-scala-plugin,669,5
rotterdam-cs,liferayResourceEditor,774,3
rovermicrover,xadrian,3283,1
rSmart,ojb,13292,1
rwl,AMDJ,184,1
rwl,api-explorer,1816,1
rwl,BTFJ,164,1
rwl,COLAMDJ,188,1
rwl,CSparseJ,2849,1
rwl,CXSparseJ,2836,1
ryanmmmmm,hellogitworld,669,1
s4u,jfatek,902,1
sababado,AndroidProjectConverter,1008,1
salaman,Multiverse-Inventories,1434,9
sam-berry,json-patch,192,1
sanwar,greenhouse,4743,4
sanwar,SchoolProAd,168,1
sbocko,WinstonGridSearch,6172,2
scandio,abstract-mail-processor,52,3
schibsted,spid-client-java,75,9
schuchert,Cucumber-JVM-Example,124,2
schuchert,CucumberJvmWithJRuby,112,1
schuchert,firstprojectwithcidemo,120,1
schuchert,glassfish.example,116,1
schuchert,jeopardy,144,1
schuchert,lambda_jug,124,1
schuchert,RpnCalculatorJava8,168,0
SciGaP,CyberGateway,592,3
scoyo,engage-api-client,518,8
scoyo,magnolia-vanity-url,341,1
scoyo,S3-CacheEnhancer,128,0
scoyo,vfs-s3,4125,6
ScR4tCh,MapDB,4592,10
sdemills,droid-fu,1193,10
sebasjimenez10,vp-test,216,1
sedricd,fastjson,4083,4
sedricd,zt-zip,181,7
serac,cas-server-integration-ldaptive,579,1
serac,cryptacular,1380,2
serac,cryptosis,676,1
serac,idp-memcached-storage,208,1
serac,jetty-config-test,104,1
serac,spring-webflow-client-repo,177,1
SeraSoft,Rythm,9713,7
serious6,MPS_AE,396,2
serious6,MPS_AE_LoadBalancer,232,2
seshendra,akka-disruptor,132,1
sfoubert,ippon-gwt-sample,5468,1
sfoubert,tatami,43439,34
sgande,elasticsearch,120,91
sgande,spring-data-couchbase,1179,8
sgharms,javacard,400,1
sgjava,dbaccess,10763,1
shankargiri,simple-cloud-storage,56,1
shaon,EucaAdminSDK,600,1
sherman,CandlePatterns,160,1
sherman,kproblem,244,1
sherman,sharding-lib,244,1
shimesaba-type0,hellogitworld,179,3
shoenig,cli-parser,1385,2
shopping24,pagerDutySynchronizer,162,2
shopping24,score_stats_component,103,1
shopping24,solr-bmax-queryparser,332,6
shopping24,solr-extensions-client,801,4
shopping24,solr-jdbc-synonyms,106,3
shopping24,solr-thymeleaf,33,3
shopping24,stream-lib,1962,27
shumaF,Work1,148,2
Silthus,worldedit,5827,38
Silthus,worldguard,4158,31
SinSiXX,acra,5281,9
SinSiXX,Alphabot,7269,2
sionsmith,dropwizard-dynamodb,144,1
sionsmith,spring-petclinic,1038,12
sirchia,camel-disruptor,486,2
sirchia,Java-Thread-Affinity,403,5
Sjith,acra,1972,6
Sjith,android-logger,365,1
sk89q,Eduardo,747,1
sk89q,RegionBook,525,2
sk89q,SquirrelID,76,1
skalio,clamavj,143,1
skavanagh,openshift-java-client,3264,20
skavanagh,victims-enforcer,889,7
skavanagh,victims-lib-java,1092,5
skavanagh,victims-plugin-ant,2954,4
skavanagh,victims-plugin-nexus,1788,1
skunath,STAT-Processor_v.0.0.1,176,1
sLisnychyi,BionicCourse,160,1
sLisnychyi,WorldOfHappiness,156,2
SMB-TEC,java-rest-binding,1017,16
SMB-TEC,querydsl-xo,172,1
SMB-TEC,querydsl-xo-sample,136,1
SMB-TEC,xo-mongodb,248,2
SMB-TEC,xo-orientdb,324,1
SMB-TEC,xo-tinkerpop-blueprints,792,1
SMB-TEC,xo-titan,281,1
smeverts,aerogear-security,1338,5
smeverts,aerogear-unifiedpush-java-client,757,9
smeverts,balanced-java,1300,8
smeverts,GoogleAuth,192,2
smeverts,graylog2-server,11622,17
smeverts,login-server,683,5
smeverts,lucene-jdbc-arquillian-test,77,1
smly,java-labelpropagation,111,1
smola,couchdb-lucene,3331,2
smola,fongo,2132,17
smola,galimatias,1714,5
smucode,monsterbutikken,908,3
smurn,fitzer,180,1
smurn,jsift,192,1
smurn,pokerutils,144,1
Snaipe,CookieJar,132,1
Snaipe,Vapor,112,1
sng2c,RuntimeLexer,234,1
SociallyCompute,gitminer,666,4
soelgary,FakebookCrawler,136,1
sOm2y,android-rss,60,3
SorinS,blog,144,0
SorinS,lightnio,224,1
SorinS,xmltool,398,1
sp4x,kdcloud-engine-node-archetype,916,0
spacechase0,SpoutAPI,4798,21
spacechase0,Vanilla,2372,16
spadin,Jerver,552,1
spawnoi,mvn-hbm-demo,104,1
spawnoi,mvn-hbm-final,104,1
Speljohan,lib-poe,383,1
spkane,Bukkit,4407,103
spkane,CraftBukkit,12353,130
split-n,IpaTestCollect,308,1
spriyan,skycast,200,1
squiddle,jackson-datatype-json-org,159,1
sreev,linq4j,633,4
sreev,optiq,3403,2
sreev,orientdb-jdbc,385,3
sroycode,neo4j-import,5371,2
sskalicky,codilityTraining,144,1
sskalicky,payment-tracker,152,1
sskalicky,tddTraining,184,1
sskalicky,WhiteleysZoo,200,1
ssmccoy,accurit-util,176,1
stalep,aesh,5084,26
stalep,aesh-extensions,644,8
stalep,jboss-modules,1515,6
stalep,jboss-reflect,1476,1
stalep,results,337,2
stalep,staxmapper,100,4
starksm64,jboss-dmr,1294,4
starksm64,jboss-modules,3940,24
starksm64,jboss-msc,977,7
starksm64,jcommander,681,20
starksm64,RaspberryPi,2960,1
starksm64,redline,746,10
steff7,javacard-calculator,188,1
stephan1,blc-cybersource,60,7
stephan1,blc-usps,60,7
stephlag,bdx_poc_nosql,108,1
stephlag,Hands_On_Ehcache,3420,5
stephlag,hibernate_search_solr_integration,76,1
stephlag,tatami,43173,9
stevehanson,elasticsearch,80,117
stormcat24,jv-beans-core,360,1
stormcat24,jv-beans-sample,208,1
stormcat24,jv-link-definitions,3648,1
stormcat24,play-model-gen,140,1
stormcat24,vert-sandbox,140,1
strootman,SkeletonProjects,1156,1
stryng,JQuaternion,4748,1
Studentmediene,Momus,3199,8
SubOptimal,GCViewer,4535,19
SubOptimal,ImageToHacklace2,224,1
SubOptimal,jpatterns,942,5
sudhcha,springdoclet,424,3
SunilkumarYadav9,getting-started-springsecurity-31,60,1
SunilkumarYadav9,msgpack-java,1673,11
SunilkumarYadav9,SpringSecurityAjax,78,1
SunilkumarYadav9,struts2-kickstart,64,1
SunilkumarYadav9,struts2-tiles-demo,64,1
sunlu,fastjson,11506,6
sunshine-zhd1229,multi-thread-context,1348,1
sushiljic,aes-256-encryption-utility,204,1
sushiljic,spark,3568,25
synyx,ArquillianDemo,158,1
synyx,beanfiller,185,1
synyx,charybdis,120,0
synyx,db-graylogger,104,0
synyx,hades-roo,164,1
synyx,Java-WebSocket,2693,19
synyx,jmite,298,1
synyx,Liquibase-OracleClobImporter,104,0
synyx,maven-opencms,620,2
synyx,messagesource,542,3
synyx,minos-skillz,1152,5
t00thpick1,Bukkit,4963,76
t00thpick1,mcMMO,12849,27
t00thpick1,PermissionsEx,2241,26
t3rmin4t0r,hyperloglog,885,2
taimos,cfstack-variables,172,1
taimos,common-gs1,132,1
taimos,cxf-jaxrs-renderer,360,1
taimos,daemon-framework,260,1
taimos,GPSd4Java,376,6
taimos,HTTPUtils,444,2
taimos,JSON-RPC,136,1
taimos,mongobee,474,5
taimos,redmine-maven-plugin,95,2
taimos,restdoc-cxf,404,1
taimos,RESTUtils,394,1
taimos,route53-updater,36,1
taimos,sma-energymeter,188,1
taimos,sma-monitor,152,1
taimos,spring-cxf-daemon,1132,2
taimos,spring-dao-hibernate,59,1
taimos,spring-dao-mongo,113,1
taimos,totp,204,1
TAMUArch,github-plugin,795,26
TAMULib,MockSwordServer,192,1
tarantool,tarantool-java,2475,5
tavlima,fosstrak-tdt,551,0
tbenjis,otr4j,7572,3
tbrooks8,vectorz,6109,6
tcopple,elasticsearch-river-activemq,127,3
tcopple,elasticsearch-river-jdbc,80,6
teamon,BierCalc,519,1
technology-ebay-de,rxjava,136,0
TeddyH,gittest,208,1
TeddyH,tdd-live,160,1
TeddyH,teddy-hamcrest-sample,124,1
TeddyH,teddy-playground,312,1
TeddyH,teddy-reqularexpression,136,1
TeddyH,teddy-springbatch-sample,128,1
tedyoung,assertj-core,108,19
tedyoung,chipper,104,0
tedyoung,de.flapdoodle.embed.mongo,1370,14
tedyoung,docker-client,370,6
tedyoung,fest-assert-2.x,6849,16
tedyoung,hadoop-experiment,108,0
tedyoung,halbuilder-core,500,5
tedyoung,JKVC,136,0
tedyoung,LeanBookWiki,152,1
tehfreak,Bukkit,3910,93
telefonicaid,fiware-commonsproperties,320,2
telefonicaid,fiware-keypass,248,8
telefonicaid,fiware-puppetwrapper,8327,8
tenthdoctor,crawler4j,318,1
TfT-02,Bukkit,4634,103
TfT-02,CraftBukkit,6363,122
tgbyte,expectj,447,2
tgbyte,guartz,706,3
tgbyte,jackson-datatype-joda,498,4
tgbyte,jruby-spymemcached,77,1
tgbyte,lifegycle,445,1
tgc,larm-doms-exporter,263,2
the2hill,java-cloudfiles,68,9
the2hill,java-identityclient,2593,2
the2hill,java-keystone-1,1752,1
the2hill,veracode-client-java,88,0
theanuradha,mvnDeployGitHubTravisCI,116,1
thedatachef,java-geojson,102,1
theiostream,orcamento,527,1
theofilis,GetYourFacebookFriendData,183,2
theofilis,HadoopNaiveBayes,140,2
theofilis,JavaWebService,2296,1
theyagarajan,titan,13048,4
thiagohp,generic-authentication,196,1
thiagohp,generic-controller,144,1
thiagohp,generic-controller-spring,108,1
thiagohp,generic-dao-hibernate,141,1
thiagohp,tapestry5-hotel-booking,60,6
thiagohp,Tapestry-Access-Logger,116,1
thiagohp,tapestry-url-rewriter,33,1
thiagohp,verbum,140,1
thomas2411,jumblr,237,2
thomasbiddle,git-plugin,1996,72
thomkel,TweetsByCountry,104,1
thrawn01,Spring-Jersey-Hibernate-DbUnit-Example,60,1
timcu,ComponentWorld,2657,4
timcu,exanpe-t5-lib,1708,3
timcu,osxappbundle-maven-plugin,124,2
timiblossom,KucooQGen,150,1
timiblossom,MapDB,3457,10
timjstewart,HandcraftingFiniteStateMachines,156,1
timjstewart,mvn8r,208,1
timjstewart,pom-template,128,1
Timshel,avaje-ebeanorm-server,1890,7
tjankov,lucene-examples,76,1
tlaukkan,boteelis,4756,1
tmandke,github-oauth-plugin,215,6
tmandke,jenkins-hipchat-plugin,126,6
tmdlzp,spring-test-mvc,1050,13
TNG,config-builder,9316,7
TNG,junit-dataprovider,690,6
TNG,property-loader,737,6
tobrien,couchdb4j,2599,3
tobrien,docbook-plugin,172,1
tobrien,git-demo,120,1
tobrien,log4couch,2636,1
ToddG,git-parameter-plugin,89,2
tomstaijen,eatools,720,1
tomtheun,multivote,512,1
tomtheun,SqlRecorder,2952,1
Top-Q,adb-controller,146,1
Top-Q,LdapDaoLayer,120,0
TouK,camel-drools,159,1
TouK,coffeescript-maven-plugin,346,4
TouK,cyclos,7724,3
TouK,Journal.IO,947,8
TouK,lesscss-maven-plugin,137,3
tpurtell,cocoon,340,1
Tradingangel,hudson-notification-plugin,100,1
TrentonAdams,lpa,1708,1
TrentonAdams,openjpa-quickstart,156,1
trevorah,cucumber-manual-tester,104,1
triAGENS,arangodb-objectmapper,321,4
triAGENS,blueprints-arangodb-graph,275,7
trifork,deltazip-java,327,1
trifork,HAIBA-EPIMIBA-classification,496,1
trifork,HAIBA-EPIMIBAimporter,1276,1
trifork,HAIBA-FGRImporter,5824,1
trifork,HAIBA-LPR-classification,1532,1
trifork,HAIBA-LPRimporter,3045,1
trifork,HAIBA-Medicinimporter,4160,1
trifork,HAIBA-Minipas-konvertering,3906,1
triplem,romannumerals,96,1
troii,grails-plugin,241,6
troii,timrsyncclient,224,1
trung,tadah,240,1
trung,tadah-sample,256,1
trustathsh,ifmapj,2490,7
trustathsh,irond,2532,8
trustathsh,irondetect,4792,5
trustathsh,ironsyslog,336,2
trustathsh,ironvas,359,5
tsongpon,fongo,3038,16
tsongpon,springdata,112,1
tws-practice-archive,guess-number-java,161,5
tws-practice-archive,pos-java,200,1
tws-practice-archive,pos-java-jdbc,88,1
tyano,jLingr,231,2
tyano,simplequery,3192,1
tyano,wicket15sample,585,1
tyano,wicket15-snippet,288,1
u2ware,springfield,7244,1
u2ware,springfield-showcase,196,1
ukanga,appfuse-demo,476,1
ultimav,stash-hook-mirror,115,1
umarfarooq125,websockets-tomcat,323,1
unclebob,springslim,118,2
unicodefreak,lib-mongomapper,127,1
universitatjaumei,jxades,335,2
universitatjaumei,uji-bec-base,12239,4
universitatjaumei,uji-commons-db,77,3
universitatjaumei,uji-commons-rest,267,6
universitatjaumei,uji-commons-sso,113,6
universitatjaumei,uji-fopreports,428,2
universitatjaumei,uji-gdo-base,1995,5
utcompling,liblinear-java,1264,4
uwol,ComputationalEconomy,1451,1
uwol,vb6grammar,509,2
vamsiikrishna,tmongo,112,1
vegardoj,proman,1628,1
vegardoj,Tic-Tac-Toe,620,1
veian,fantuan,60,2
venkateshamurthy,java-algorithms,185,2
venkateshamurthy,java-concurrency,386,1
venkateshamurthy,java-quantiles,4276,1
vert-x,mod-lang-dynjs,5591,5
vert-x,mod-lang-php,4201,5
vert-x,mod-lang-rhino,2195,18
viadee,dataVaultGen,280,2
viadee,i2t,1324,2
viadee,optaPlannerExample,19,1
viadee,viaRules,158,1
victorfgasparin,Shopping,804,1
vinczente,kornakapi,362,3
VivekVetri,elasticsearch,120,94
VivekVetri,mbo-storm,1472,1
vjames19,HelperTools,512,5
vjprasanth,mongo-java-driver,9609,38
vkostyukov,la4j,9629,26
vkostyukov,logy,166,1
vorce,elasticsearch-analysis-combo,261,4
vsingh58,elasticsearch-tutorial,265,1
vtajzich,wicket-callbacks,197,1
vvscode,java--bigsoft-automation-testing,160,1
w9lsky,eweb4j-framework,1035,3
wakachamo,jRCON,164,1
wakachamo,jRCON-Old,128,1
wallace46886799,cobarclient,635,3
wallf,java-base-n-encodings,0,1
walterg2,cucumber-reporting,3169,6
wangchen1ren,Titan,1660,1
wassupnari,2013-coding-contest,94,1
wassupnari,image-resize-servlet,60,1
web-education,cas-server-async,80,2
web-education,oauth2-server,149,2
webhat,BusinessHours,132,1
webhat,FeedbackNeutralizer,460,1
werkshy,dynamo-session-manager,272,5
werkshy,nsq-java,173,2
wesoly,happy-builder,216,1
wesoly,life-insurance,136,1
wgreven,aether-ant,92,4
wgreven,build-pipeline-plugin,1380,20
wgreven,cloudbees-folder-plugin,172,1
wgreven,copyartifact-plugin,319,12
wgreven,envinject-plugin,772,21
wgreven,folder-environment-variables-plugin,196,1
wgreven,groovy-plugin,217,7
wgreven,jenkins-sonar-plugin,639,7
wgreven,promoted-builds-plugin,779,22
wgreven,urltrigger-plugin,222,5
wgthom,cas-addons,9146,5
wgthom,jline2,3229,34
Wobot,scraper,680,8
wongwill86,Indicative-Java,472,1
wongwill86,JestMargarita,755,6
wongwill86,spring-social-salesforce,106,3
wpm,Hadoop-Word-Count,107,1
wpm,stanford-ner-standoff,118,1
wpm,tfidf,140,1
wpm,TokenSpan,104,1
wpm,WordCountTestAdapter,103,1
wrightmikea,dropwizard-ci,112,2
wumpz,geoserver-manager,1922,19
wumpz,jaxb-xew-plugin,515,8
wumpz,jira-maven-plugin,136,1
xadrnd,jedis,3052,53
xerial,fluent-logger-java,692,7
Xerosigma,lesscss-engine,271,8
xftingzhang,testrepositoryname,156,0
xhochy,carameldb,112,1
xhochy,furnace,597,2
XinV,elasticsearch-cloud-aws,240,9
xntric78,jsoup,2321,15
xorphitus,mint,152,1
xorrizon,parallel-test-executor-plugin,159,3
xpe,riak-java-client,10855,33
x-xyz,zt-zip,810,10
xziyer,fastjson,3116,4
yaitskov,anti-portal,232,1
yaitskov,bluebridge,260,1
yaitskov,camel-cassandra,143,2
yaitskov,chat-polling,328,1
yaitskov,cloud48,332,1
yaitskov,custom-bean-factory,112,1
yaitskov,event-barrier,104,1
yaitskov,gcode,3096,0
yangl,zkclient,215,2
yogendracse,processing-android-serial,640,1
ysb33r,asciidoctorj,2070,22
Yserz,OwnSimpleCache,468,1
Yserz,OwnWebServer,104,1
Yserz,Twitalyse,588,3
Yserz,TwitalyseClient,152,1
yujiliang,jedis,816,37
zabil,listhandling,3,1
zathomas,nakamura-todo,112,1
zathomas,solr,453,5
zathomas,sparsemapcontent,2173,11
zemariamm,animoto_api_client_java,405,1
zeroows,spring-integration-activiti-sandbox,60,1
ZhibingXie,SpringMVC-Spring-MyBatis,1698,1
zilverline,java-tdd-training,316,2
zolibra,camel-weibo,90,1
zuk38,Maven_Baza,132,1
